,employeeID,country,nombre_de_contrats
0,1,Argentina,3
1,1,Austria,17
2,1,Belgium,3
3,1,Brazil,21
4,1,Canada,12
5,1,Denmark,13
6,1,Finland,5
7,1,France,23
8,1,Germany,49
9,1,Ireland,3
10,1,Italy,8
11,1,Mexico,16
12,1,Norway,7
13,1,Poland,5
14,1,Portugal,5
15,1,Spain,7
16,1,Sweden,13
17,1,Switzerland,9
18,1,UK,22
19,1,USA,85
20,1,Venezuela,19
21,2,Argentina,2
22,2,Austria,17
23,2,Belgium,7
24,2,Brazil,25
25,2,Canada,14
26,2,Denmark,3
27,2,Finland,17
28,2,France,21
29,2,Germany,37
30,2,Ireland,8
31,2,Italy,15
32,2,Mexico,11
33,2,Norway,2
34,2,Spain,7
35,2,Sweden,13
36,2,UK,11
37,2,USA,23
38,2,Venezuela,8
39,3,Argentina,2
40,3,Austria,18
41,3,Belgium,2
42,3,Brazil,24
43,3,Canada,20
44,3,Denmark,4
45,3,Finland,4
46,3,France,36
47,3,Germany,50
48,3,Ireland,14
49,3,Italy,2
50,3,Mexico,13
51,3,Norway,4
52,3,Portugal,3
53,3,Spain,7
54,3,Sweden,22
55,3,Switzerland,9
56,3,UK,17
57,3,USA,47
58,3,Venezuela,23
59,4,Argentina,7
60,4,Austria,21
61,4,Belgium,15
62,4,Brazil,53
63,4,Canada,9
64,4,Denmark,11
65,4,Finland,7
66,4,France,39
67,4,Germany,73
68,4,Ireland,2
69,4,Italy,12
70,4,Mexico,13
71,4,Poland,2
72,4,Portugal,10
73,4,Spain,16
74,4,Sweden,6
75,4,Switzerland,9
76,4,UK,28
77,4,USA,68
78,4,Venezuela,19
79,5,Belgium,11
80,5,Brazil,15
81,5,Finland,4
82,5,France,12
83,5,Germany,11
84,5,Italy,3
85,5,Mexico,4
86,5,Poland,2
87,5,Portugal,5
88,5,Spain,5
89,5,Sweden,7
90,5,Switzerland,3
91,5,UK,7
92,5,USA,19
93,5,Venezuela,9
94,6,Argentina,2
95,6,Austria,12
96,6,Belgium,4
97,6,Brazil,17
98,6,Canada,9
99,6,Denmark,1
100,6,Finland,2
101,6,France,18
102,6,Germany,26
103,6,Ireland,9
104,6,Italy,1
105,6,Poland,3
106,6,Sweden,5
107,6,Switzerland,6
108,6,UK,12
109,6,USA,35
110,6,Venezuela,6
111,7,Argentina,6
112,7,Austria,19
113,7,Belgium,7
114,7,Brazil,19
115,7,Canada,4
116,7,Denmark,9
117,7,Finland,3
118,7,France,12
119,7,Germany,13
120,7,Ireland,6
121,7,Italy,3
122,7,Mexico,11
123,7,Norway,3
124,7,Portugal,1
125,7,Spain,8
126,7,Sweden,5
127,7,Switzerland,6
128,7,UK,12
129,7,USA,20
130,7,Venezuela,9
131,8,Argentina,9
132,8,Austria,13
133,8,Brazil,24
134,8,Canada,4
135,8,Denmark,5
136,8,Finland,9
137,8,France,16
138,8,Germany,46
139,8,Ireland,4
140,8,Italy,7
141,8,Mexico,4
142,8,Poland,4
143,8,Portugal,5
144,8,Spain,3
145,8,Sweden,20
146,8,Switzerland,3
147,8,UK,16
148,8,USA,45
149,8,Venezuela,23
150,9,Argentina,3
151,9,Austria,8
152,9,Belgium,7
153,9,Brazil,5
154,9,Canada,3
155,9,Finland,3
156,9,France,7
157,9,Germany,23
158,9,Ireland,9
159,9,Italy,2
160,9,Portugal,1
161,9,Spain,1
162,9,Sweden,6
163,9,Switzerland,7
164,9,UK,10
165,9,USA,10
166,9,Venezuela,2
