,customerID,ca_clients,companyName,contactName,contactTitle,city,country,nb_ventes_clients
0,ALFKI,4596.2,Alfreds Futterkiste,Maria Anders,Sales Representative,Berlin,Germany,12
1,ANATR,1402.95,Ana Trujillo Emparedados y helados,Ana Trujillo,Owner,Mexico City,Mexico,10
2,ANTON,7515.35,Antonio Moreno Taquería,Antonio Moreno,Owner,Mexico City,Mexico,17
3,AROUT,13806.5,Around the Horn,Thomas Hardy,Sales Representative,London,UK,30
4,BERGS,26968.149999999998,Berglunds snabbköp,Christina Berglund,Order Administrator,Luleå,Sweden,52
5,BLAUS,3239.8,Blauer See Delikatessen,Hanna Moos,Sales Representative,Mannheim,Germany,14
6,BLONP,19088.0,Blondesddsl père et fils,Frédérique Citeaux,Marketing Manager,Strasbourg,France,26
7,BOLID,5297.8,Bólido Comidas preparadas,Martín Sommer,Owner,Madrid,Spain,6
8,BONAP,23850.95,Bon app',Laurence Lebihan,Owner,Marseille,France,44
9,BOTTM,22607.7,Bottom-Dollar Markets,Elizabeth Lincoln,Accounting Manager,Tsawassen,Canada,35
10,BSBEV,6089.9,B's Beverages,Victoria Ashworth,Sales Representative,London,UK,22
11,CACTU,1814.8,Cactus Comidas para llevar,Patricio Simpson,Sales Agent,Buenos Aires,Argentina,11
12,CENTC,100.8,Centro comercial Moctezuma,Francisco Chang,Marketing Manager,Mexico City,Mexico,2
13,CHOPS,12886.3,Chop-suey Chinese,Yang Wang,Owner,Bern,Switzerland,22
14,COMMI,3810.75,Comércio Mineiro,Pedro Afonso,Sales Associate,Sao Paulo,Brazil,10
15,CONSH,1719.1,Consolidated Holdings,Elizabeth Brown,Sales Representative,London,UK,7
16,DRACD,3763.21,Drachenblut Delikatessen,Sven Ottlieb,Order Administrator,Aachen,Germany,10
17,DUMON,1615.8999999999999,Du monde entier,Janine Labrune,Owner,Nantes,France,9
18,EASTC,15033.66,Eastern Connection,Ann Devon,Sales Agent,London,UK,21
19,ERNSH,113236.68,Ernst Handel,Roland Mendel,Sales Manager,Graz,Austria,102
20,FAMIA,4438.9,Familia Arquibaldo,Aria Cruz,Marketing Assistant,Sao Paulo,Brazil,19
21,FOLIG,11666.9,Folies gourmandes,Martine Rancé,Assistant Sales Agent,Lille,France,16
22,FOLKO,32555.55,Folk och fä HB,Maria Larsson,Owner,Bräcke,Sweden,45
23,FRANK,28722.71,Frankenversand,Peter Franken,Marketing Manager,München,Germany,48
24,FRANR,3172.1600000000003,France restauration,Carine Schmitt,Marketing Manager,Nantes,France,6
25,FRANS,1545.7,Franchi S.p.A.,Paolo Accorti,Sales Representative,Torino,Italy,10
26,FURIB,7151.55,Furia Bacalhau e Frutos do Mar,Lino Rodriguez,Sales Manager,Lisboa,Portugal,20
27,GALED,836.7,Galería del gastrónomo,Eduardo Saavedra,Marketing Manager,Barcelona,Spain,8
28,GODOS,11830.1,Godos Cocina Típica,José Pedro Freyre,Sales Manager,Sevilla,Spain,26
29,GOURL,8702.23,Gourmet Lanchonetes,André Fonseca,Sales Associate,Campinas,Brazil,19
30,GREAL,19711.13,Great Lakes Food Market,Howard Snyder,Marketing Manager,Eugene,USA,22
31,GROSR,1488.7,GROSELLA-Restaurante,Manuel Pereira,Owner,Caracas,Venezuela,4
32,HANAR,34101.15,Hanari Carnes,Mario Pontes,Accounting Manager,Rio de Janeiro,Brazil,32
33,HILAA,23611.58,HILARION-Abastos,Carlos Hernández,Sales Representative,San Cristóbal,Venezuela,45
34,HUNGC,3063.2,Hungry Coyote Import Store,Yoshi Latimer,Sales Representative,Elgin,USA,9
35,HUNGO,57317.39,Hungry Owl All-Night Grocers,Patricia McKenna,Sales Associate,Cork,Ireland,55
36,ISLAT,6146.3,Island Trading,Helen Bennett,Marketing Manager,Cowes,UK,23
37,KOENE,31745.75,Königlich Essen,Philip Cramer,Sales Associate,Brandenburg,Germany,39
38,LACOR,1992.05,La corne d'abondance,Daniel Tonini,Sales Representative,Versailles,France,11
39,LAMAI,10272.35,La maison d'Asie,Annette Roulet,Sales Manager,Toulouse,France,31
40,LAUGB,522.5,Laughing Bacchus Wine Cellars,Yoshi Tannamuri,Marketing Assistant,Vancouver,Canada,8
41,LAZYK,357.0,Lazy K Kountry Store,John Steel,Marketing Manager,Walla Walla,USA,2
42,LEHMS,21282.02,Lehmanns Marktstand,Renate Messner,Sales Representative,Frankfurt a.M.,Germany,39
43,LETSS,3490.02,Let's Stop N Shop,Jaime Yorres,Owner,San Francisco,USA,10
44,LILAS,17825.06,LILA-Supermercado,Carlos González,Accounting Manager,Barquisimeto,Venezuela,34
45,LINOD,17889.55,LINO-Delicateses,Felipe Izquierdo,Owner,I. de Margarita,Venezuela,35
46,LONEP,4258.6,Lonesome Pine Restaurant,Fran Wilson,Sales Manager,Portland,USA,14
47,MAGAA,7603.85,Magazzini Alimentari Riuniti,Giovanni Rovelli,Marketing Manager,Bergamo,Italy,21
48,MAISD,10430.58,Maison Dewey,Catherine Dewey,Sales Agent,Bruxelles,Belgium,17
49,MEREP,32203.9,Mère Paillarde,Jean Fresnière,Marketing Assistant,Montréal,Canada,32
50,MORGK,5042.2,Morgenstern Gesundkost,Alexander Feuer,Marketing Assistant,Leipzig,Germany,11
51,NORTS,649.0,North/South,Simon Crowther,Sales Associate,London,UK,6
52,OCEAN,3460.2,Océano Atlántico Ltda.,Yvonne Moncada,Sales Agent,Buenos Aires,Argentina,11
53,OLDWO,16325.15,Old World Delicatessen,Rene Phillips,Sales Representative,Anchorage,USA,24
54,OTTIK,13157.5,Ottilies Käseladen,Henriette Pfalzheim,Owner,Köln,Germany,29
55,PERIC,4242.2,Pericles Comidas clásicas,Guillermo Fernández,Sales Representative,Mexico City,Mexico,14
56,PICCO,26259.95,Piccolo und mehr,Georg Pipps,Sales Manager,Salzburg,Austria,23
57,PRINI,5317.1,Princesa Isabel Vinhos,Isabel de Castro,Sales Representative,Lisboa,Portugal,10
58,QUEDE,6973.63,Que Delícia,Bernardo Batista,Accounting Manager,Rio de Janeiro,Brazil,24
59,QUEEN,30226.1,Queen Cozinha,Lúcia Carvalho,Marketing Assistant,Sao Paulo,Brazil,40
60,QUICK,117483.39,QUICK-Stop,Horst Kloss,Accounting Manager,Cunewalde,Germany,86
61,RANCH,2844.1,Rancho grande,Sergio Gutiérrez,Sales Representative,Buenos Aires,Argentina,12
62,RATTC,52245.9,Rattlesnake Canyon Grocery,Paula Wilson,Assistant Sales Representative,Albuquerque,USA,71
63,REGGC,7555.6,Reggiani Caseifici,Maurizio Moroni,Sales Associate,Reggio Emilia,Italy,22
64,RICAR,12924.4,Ricardo Adocicados,Janete Limeira,Assistant Sales Agent,Rio de Janeiro,Brazil,27
65,RICSU,20033.2,Richter Supermarkt,Michael Holz,Sales Manager,Genève,Switzerland,30
66,ROMEY,1467.29,Romero y tomillo,Alejandra Camino,Accounting Manager,Madrid,Spain,14
67,SANTG,5735.150000000001,Santé Gourmet,Jonas Bergulfsen,Owner,Stavern,Norway,16
68,SAVEA,115673.39,Save-a-lot Markets,Jose Pavarotti,Sales Representative,Boise,USA,116
69,SEVES,17172.05,Seven Seas Imports,Hari Kumar,Sales Manager,London,UK,26
70,SIMOB,18138.45,Simons bistro,Jytte Petersen,Owner,Kobenhavn,Denmark,15
71,SPECD,2423.35,Spécialités du monde,Dominique Perrier,Marketing Manager,Paris,France,6
72,SPLIR,12489.7,Split Rail Beer & Ale,Art Braunschweiger,Sales Manager,Lander,USA,20
73,SUPRD,24704.4,Suprêmes délices,Pascale Cartrain,Accounting Manager,Charleroi,Belgium,39
74,THEBI,3361.0,The Big Cheese,Liz Nixon,Marketing Manager,Portland,USA,7
75,THECR,1947.24,The Cracker Box,Liu Wong,Marketing Assistant,Butte,USA,8
76,TOMSP,4954.0,Toms Spezialitäten,Karin Josephs,Marketing Manager,Münster,Germany,14
77,TORTU,10812.15,Tortuga Restaurante,Miguel Angel Paolino,Owner,Mexico City,Mexico,29
78,TRADH,7310.62,Tradição Hipermercados,Anabela Domingues,Sales Representative,Sao Paulo,Brazil,13
79,TRAIH,1571.2,Trail's Head Gourmet Provisioners,Helvetius Nagy,Sales Associate,Kirkland,USA,9
80,VAFFE,16643.8,Vaffeljernet,Palle Ibsen,Sales Manager,Århus,Denmark,31
81,VICTE,9937.1,Victuailles en stock,Mary Saveley,Sales Agent,Lyon,France,25
82,VINET,1480.0,Vins et alcools Chevalier,Paul Henriot,Accounting Manager,Reims,France,10
83,WANDK,10653.85,Die Wandernde Kuh,Rita Müller,Sales Representative,Stuttgart,Germany,26
84,WARTH,16617.1,Wartian Herkku,Pirkko Koskitalo,Accounting Manager,Oulu,Finland,37
85,WELLI,6480.7,Wellington Importadora,Paula Parente,Sales Manager,Resende,Brazil,19
86,WHITC,29073.45,White Clover Markets,Karl Jablonski,Owner,Seattle,USA,40
87,WILMK,3161.35,Wilman Kala,Matti Karttunen,Owner/Marketing Assistant,Helsinki,Finland,17
88,WOLZA,3531.95,Wolski  Zajazd,Zbyszek Piestrzeniewicz,Owner,Warszawa,Poland,16
