﻿productID;productName;quantityPerUnit;unitPrice;discontinued;categoryID
1;Chai;10 boxes x 20 bags;18;0;1
2;Chang;24 - 12 oz bottles;19;0;1
3;Aniseed Syrup;12 - 550 ml bottles;10;0;2
4;Chef Anton's Cajun Seasoning;48 - 6 oz jars;22;0;2
5;Chef Anton's Gumbo Mix;36 boxes;21.35;1;2
6;Grandma's Boysenberry Spread;12 - 8 oz jars;25;0;2
7;Uncle Bob's Organic Dried Pears;12 - 1 lb pkgs.;30;0;7
8;Northwoods Cranberry Sauce;12 - 12 oz jars;40;0;2
9;Mishi Kobe Niku;18 - 500 g pkgs.;97;1;6
10;Ikura;12 - 200 ml jars;31;0;8
11;Queso Cabrales;1 kg pkg.;21;0;4
12;Queso Manchego La Pastora;10 - 500 g pkgs.;38;0;4
13;Konbu;2 kg box;6;0;8
14;Tofu;40 - 100 g pkgs.;23.25;0;7
15;Genen Shouyu;24 - 250 ml bottles;15.5;0;2
16;Pavlova;32 - 500 g boxes;17.45;0;3
17;Alice Mutton;20 - 1 kg tins;39;1;6
18;Carnarvon Tigers;16 kg pkg.;62.5;0;8
19;Teatime Chocolate Biscuits;10 boxes x 12 pieces;9.2;0;3
20;Sir Rodney's Marmalade;30 gift boxes;81;0;3
21;Sir Rodney's Scones;24 pkgs. x 4 pieces;10;0;3
22;Gustaf's Knackebröd;24 - 500 g pkgs.;21;0;5
23;Tunnbröd;12 - 250 g pkgs.;9;0;5
24;Guarana Fantastica;12 - 355 ml cans;4.5;1;1
25;NuNuCa Nuß-Nougat-Creme;20 - 450 g glasses;14;0;3
26;Gumbär Gummibärchen;100 - 250 g bags;31.23;0;3
27;Schoggi Schokolade;100 - 100 g pieces;43.9;0;3
28;Rössle Sauerkraut;25 - 825 g cans;45.6;1;7
29;Thüringer Rostbratwurst;50 bags x 30 sausgs.;123.79;1;6
30;Nord-Ost Matjeshering;10 - 200 g glasses;25.89;0;8
31;Gorgonzola Telino;12 - 100 g pkgs;12.5;0;4
32;Mascarpone Fabioli;24 - 200 g pkgs.;32;0;4
33;Geitost;500 g;2.5;0;4
34;Sasquatch Ale;24 - 12 oz bottles;14;0;1
35;Steeleye Stout;24 - 12 oz bottles;18;0;1
36;Inlagd Sill;24 - 250 g  jars;19;0;8
37;Gravad lax;12 - 500 g pkgs.;26;0;8
38;Côte de Blaye;12 - 75 cl bottles;263.5;0;1
39;Chartreuse verte;750 cc per bottle;18;0;1
40;Boston Crab Meat;24 - 4 oz tins;18.4;0;8
41;Jack's New England Clam Chowder;12 - 12 oz cans;9.65;0;8
42;Singaporean Hokkien Fried Mee;32 - 1 kg pkgs.;14;1;5
43;Ipoh Coffee;16 - 500 g tins;46;0;1
44;Gula Malacca;20 - 2 kg bags;19.45;0;2
45;Rogede sild;1k pkg.;9.5;0;8
46;Spegesild;4 - 450 g glasses;12;0;8
47;Zaanse koeken;10 - 4 oz boxes;9.5;0;3
48;Chocolade;10 pkgs.;12.75;0;3
49;Maxilaku;24 - 50 g pkgs.;20;0;3
50;Valkoinen suklaa;12 - 100 g bars;16.25;0;3
51;Manjimup Dried Apples;50 - 300 g pkgs.;53;0;7
52;Filo Mix;16 - 2 kg boxes;7;0;5
53;Perth Pasties;48 pieces;32.8;1;6
54;Tourtière;16 pies;7.45;0;6
55;Pâté chinois;24 boxes x 2 pies;24;0;6
56;Gnocchi di nonna Alice;24 - 250 g pkgs.;38;0;5
57;Ravioli Angelo;24 - 250 g pkgs.;19.5;0;5
58;Escargots de Bourgogne;24 pieces;13.25;0;8
59;Raclette Courdavault;5 kg pkg.;55;0;4
60;Camembert Pierrot;15 - 300 g rounds;34;0;4
61;Sirop d'érable;24 - 500 ml bottles;28.5;0;2
62;Tarte au sucre;48 pies;49.3;0;3
63;Vegie-spread;15 - 625 g jars;43.9;0;2
64;Wimmers gute Semmelknödel;20 bags x 4 pieces;33.25;0;5
65;Louisiana Fiery Hot Pepper Sauce;32 - 8 oz bottles;21.05;0;2
66;Louisiana Hot Spiced Okra;24 - 8 oz jars;17;0;2
67;Laughing Lumberjack Lager;24 - 12 oz bottles;14;0;1
68;Scottish Longbreads;10 boxes x 8 pieces;12.5;0;3
69;Gudbrandsdalsost;10 kg pkg.;36;0;4
70;Outback Lager;24 - 355 ml bottles;15;0;1
71;Flotemysost;10 - 500 g pkgs.;21.5;0;4
72;Mozzarella di Giovanni;24 - 200 g pkgs.;34.8;0;4
73;Röd Kaviar;24 - 150 g jars;15;0;8
74;Longlife Tofu;5 kg pkg.;10;0;7
75;Rhönbräu Klosterbier;24 - 0.5 l bottles;7.75;0;1
76;Lakkaliköri;500 ml;18;0;1
77;Original Frankfurter Grüne Soße;12 boxes;13;0;2
